PRAGMA foreign_keys=OFF;
INSERT INTO "peeringdb_facility" (id, status, created, updated, version, address1, address2, city, state, zipcode, country, latitude, longitude, name, website, clli, rencode, npanxx, notes, org_id, sales_email, sales_phone, tech_email, tech_phone) VALUES(10,'ok','2018-12-20 23:12:57.409019','2018-12-20 23:12:57.409051',0,'Address line 1','Address line 2','Chicago','Illinois','12345','US',0,0,'fac 4d963fa5','https://www.peeringdb.com','40D67A','5A295D','123-456','Some notes',10,'','','','');
INSERT INTO "peeringdb_facility" (id, status, created, updated, version, address1, address2, city, state, zipcode, country, latitude, longitude, name, website, clli, rencode, npanxx, notes, org_id, sales_email, sales_phone, tech_email, tech_phone) VALUES(11,'ok','2018-12-20 23:12:57.595152','2018-12-20 23:12:57.595188',0,'Address line 1','Address line 2','Chicago','Illinois','12345','US',0,0,'fac 90e068bc','https://www.peeringdb.com','88C182','64F492','123-456','Some notes',13,'','','','');
INSERT INTO "peeringdb_facility" (id, status, created, updated, version, address1, address2, city, state, zipcode, country, latitude, longitude, name, website, clli, rencode, npanxx, notes, org_id, sales_email, sales_phone, tech_email, tech_phone) VALUES(7,'ok','2018-12-20 23:12:57.086430','2018-12-20 23:12:57.086465',0,'Address line 1','Address line 2','Chicago','Illinois','12345','US',0,0,'fac c8deada2','https://www.peeringdb.com','4F424D','4A9C90','123-456','Some notes',7,'','','','');
INSERT INTO "peeringdb_facility" (id, status, created, updated, version, address1, address2, city, state, zipcode, country, latitude, longitude, name, website, clli, rencode, npanxx, notes, org_id, sales_email, sales_phone, tech_email, tech_phone) VALUES(8,'ok','2018-12-20 23:12:57.192717','2018-12-20 23:12:57.192748',0,'Address line 1','Address line 2','Chicago','Illinois','12345','US',0,0,'fac 44f33fd1','https://www.peeringdb.com','7FF1B3','E09C1A','123-456','Some notes',8,'','','','');
INSERT INTO "peeringdb_facility" (id, status, created, updated, version, address1, address2, city, state, zipcode, country, latitude, longitude, name, website, clli, rencode, npanxx, notes, org_id, sales_email, sales_phone, tech_email, tech_phone) VALUES(9,'ok','2018-12-20 23:12:57.301912','2018-12-20 23:12:57.301962',0,'Address line 1','Address line 2','Chicago','Illinois','12345','US',0,0,'fac 19cae906','https://www.peeringdb.com','620400','038A65','123-456','Some notes',9,'','','','');
INSERT INTO "peeringdb_ix" (id, status, created, updated, version, name, name_long, city, country, notes, region_continent, media, proto_unicast, proto_multicast, proto_ipv6, website, url_stats, tech_email, tech_phone, policy_email, policy_phone, org_id) VALUES(10,'ok','2018-12-20 23:12:57.402667','2018-12-20 23:12:57.402699',0,'ix 35f959d3','ix edb6903d','Chicago','US','Some notes','Europe','Multiple',1,1,1,'https://www.peeringdb.com','https://www.peeringdb.com/url_stats','test@peeringdb.com','+1 206 555 0199','test@peeringdb.com','+1 206 555 0199',10);
INSERT INTO "peeringdb_ix" (id, status, created, updated, version, name, name_long, city, country, notes, region_continent, media, proto_unicast, proto_multicast, proto_ipv6, website, url_stats, tech_email, tech_phone, policy_email, policy_phone, org_id) VALUES(11,'ok','2018-12-20 23:12:57.546587','2018-12-20 23:12:57.546622',0,'ix 0f8a8429','ix f5150c3f','Chicago','US','Some notes','Europe','Multiple',1,1,1,'https://www.peeringdb.com','https://www.peeringdb.com/url_stats','test@peeringdb.com','+1 206 555 0199','test@peeringdb.com','+1 206 555 0199',12);
INSERT INTO "peeringdb_ix" (id, status, created, updated, version, name, name_long, city, country, notes, region_continent, media, proto_unicast, proto_multicast, proto_ipv6, website, url_stats, tech_email, tech_phone, policy_email, policy_phone, org_id) VALUES(7,'ok','2018-12-20 23:12:57.078483','2018-12-20 23:12:57.078520',0,'ix 5826db43','ix 255bce16','Chicago','US','Some notes','Europe','Multiple',1,1,1,'https://www.peeringdb.com','https://www.peeringdb.com/url_stats','test@peeringdb.com','+1 206 555 0199','test@peeringdb.com','+1 206 555 0199',7);
INSERT INTO "peeringdb_ix" (id, status, created, updated, version, name, name_long, city, country, notes, region_continent, media, proto_unicast, proto_multicast, proto_ipv6, website, url_stats, tech_email, tech_phone, policy_email, policy_phone, org_id) VALUES(8,'ok','2018-12-20 23:12:57.186040','2018-12-20 23:12:57.186073',0,'ix c59cb705','ix 2e681ab3','Chicago','US','Some notes','Europe','Multiple',1,1,1,'https://www.peeringdb.com','https://www.peeringdb.com/url_stats','test@peeringdb.com','+1 206 555 0199','test@peeringdb.com','+1 206 555 0199',8);
INSERT INTO "peeringdb_ix" (id, status, created, updated, version, name, name_long, city, country, notes, region_continent, media, proto_unicast, proto_multicast, proto_ipv6, website, url_stats, tech_email, tech_phone, policy_email, policy_phone, org_id) VALUES(9,'ok','2018-12-20 23:12:57.295174','2018-12-20 23:12:57.295206',0,'ix af8abd7b','ix aa926932','Chicago','US','Some notes','Europe','Multiple',1,1,1,'https://www.peeringdb.com','https://www.peeringdb.com/url_stats','test@peeringdb.com','+1 206 555 0199','test@peeringdb.com','+1 206 555 0199',9);
INSERT INTO "peeringdb_ix_facility" (id, status, created, updated, version, fac_id, ix_id) VALUES(10,'ok','2018-12-20 23:12:57.432382','2018-12-20 23:12:57.432408',0,10,10);
INSERT INTO "peeringdb_ix_facility" (id, status, created, updated, version, fac_id, ix_id) VALUES(7,'ok','2018-12-20 23:12:57.109023','2018-12-20 23:12:57.109052',0,7,7);
INSERT INTO "peeringdb_ix_facility" (id, status, created, updated, version, fac_id, ix_id) VALUES(8,'ok','2018-12-20 23:12:57.216645','2018-12-20 23:12:57.216672',0,8,8);
INSERT INTO "peeringdb_ix_facility" (id, status, created, updated, version, fac_id, ix_id) VALUES(9,'ok','2018-12-20 23:12:57.324279','2018-12-20 23:12:57.324305',0,9,9);
INSERT INTO "peeringdb_ixlan" (id, status, created, updated, version, name, descr, mtu, vlan, dot1q_support, rs_asn, arp_sponge, ix_id) VALUES(10,'ok','2018-12-20 23:12:57.416476','2018-12-20 23:12:57.416506',0,'ixlan 3824c086','Arbitrary description',1500,NULL,1,63325,NULL,10);
INSERT INTO "peeringdb_ixlan" (id, status, created, updated, version, name, descr, mtu, vlan, dot1q_support, rs_asn, arp_sponge, ix_id) VALUES(7,'ok','2018-12-20 23:12:57.093555','2018-12-20 23:12:57.093591',0,'ixlan ee527617','Arbitrary description',1500,NULL,1,63313,NULL,7);
INSERT INTO "peeringdb_ixlan" (id, status, created, updated, version, name, descr, mtu, vlan, dot1q_support, rs_asn, arp_sponge, ix_id) VALUES(8,'ok','2018-12-20 23:12:57.200058','2018-12-20 23:12:57.200088',0,'ixlan e3bf0d0c','Arbitrary description',1500,NULL,1,63317,NULL,8);
INSERT INTO "peeringdb_ixlan" (id, status, created, updated, version, name, descr, mtu, vlan, dot1q_support, rs_asn, arp_sponge, ix_id) VALUES(9,'ok','2018-12-20 23:12:57.308379','2018-12-20 23:12:57.308408',0,'ixlan d5971d63','Arbitrary description',1500,NULL,1,63321,NULL,9);
INSERT INTO "peeringdb_ixlan_prefix" (id, status, created, updated, version, notes, protocol, prefix, ixlan_id) VALUES(13,'ok','2018-12-20 23:12:57.098797','2018-12-20 23:12:57.098828',0,'','IPv4','206.223.116.0/23',7);
INSERT INTO "peeringdb_ixlan_prefix" (id, status, created, updated, version, notes, protocol, prefix, ixlan_id) VALUES(14,'ok','2018-12-20 23:12:57.103686','2018-12-20 23:12:57.103716',0,'','IPv6','2001:504:0:1::/64',7);
INSERT INTO "peeringdb_ixlan_prefix" (id, status, created, updated, version, notes, protocol, prefix, ixlan_id) VALUES(15,'ok','2018-12-20 23:12:57.206711','2018-12-20 23:12:57.206738',0,'','IPv4','206.223.123.0/24',8);
INSERT INTO "peeringdb_ixlan_prefix" (id, status, created, updated, version, notes, protocol, prefix, ixlan_id) VALUES(16,'ok','2018-12-20 23:12:57.211363','2018-12-20 23:12:57.211388',0,'','IPv6','2001:504:0:3::/64',8);
INSERT INTO "peeringdb_ixlan_prefix" (id, status, created, updated, version, notes, protocol, prefix, ixlan_id) VALUES(17,'ok','2018-12-20 23:12:57.312951','2018-12-20 23:12:57.312978',0,'','IPv4','206.223.118.0/24',9);
INSERT INTO "peeringdb_ixlan_prefix" (id, status, created, updated, version, notes, protocol, prefix, ixlan_id) VALUES(18,'ok','2018-12-20 23:12:57.318221','2018-12-20 23:12:57.318247',0,'','IPv6','2001:504:0:5::/64',9);
INSERT INTO "peeringdb_ixlan_prefix" (id, status, created, updated, version, notes, protocol, prefix, ixlan_id) VALUES(19,'ok','2018-12-20 23:12:57.422730','2018-12-20 23:12:57.422758',0,'','IPv4','208.115.136.0/23',10);
INSERT INTO "peeringdb_ixlan_prefix" (id, status, created, updated, version, notes, protocol, prefix, ixlan_id) VALUES(20,'ok','2018-12-20 23:12:57.427682','2018-12-20 23:12:57.427707',0,'','IPv6','2001:504:0:4::/64',10);
INSERT INTO "peeringdb_network" (id, status, created, updated, version, asn, name, aka, irr_as_set, website, looking_glass, notes, notes_private, info_traffic, info_ratio, info_scope, info_type, info_prefixes4, info_prefixes6, info_unicast, info_multicast, info_ipv6, policy_url, policy_general, policy_locations, policy_ratio, policy_contracts, org_id, info_never_via_route_servers, route_server) VALUES(10,'ok','2018-12-20 23:12:57.394141','2020-04-04 09:28:18.299281',0,63324,'net 08e3ad54','net 06668b3b','AS-DC6E4340@RIPE','https://www.peeringdb.com','https://www.peeringdb.com/looking-glass','Some notes','','20-100Mbps','Heavy Outbound','Regional','NSP',50000,5000,1,1,1,'https://www.peeringdb.com/policy_url','Restrictive','Required - US',1,'Required',10,0,'https://www.peeringdb.com/route-server');
INSERT INTO "peeringdb_network" (id, status, created, updated, version, asn, name, aka, irr_as_set, website, looking_glass, notes, notes_private, info_traffic, info_ratio, info_scope, info_type, info_prefixes4, info_prefixes6, info_unicast, info_multicast, info_ipv6, policy_url, policy_general, policy_locations, policy_ratio, policy_contracts, org_id, info_never_via_route_servers, route_server) VALUES(11,'ok','2018-12-20 23:12:57.496845','2020-04-04 09:27:51.517482',0,63328,'net 1ce33318','net 5dc77e5d','AS-A4AF3D9D@RIPE','https://www.peeringdb.com','https://www.peeringdb.com/looking-glass','Some notes','','20-100Mbps','Heavy Outbound','Regional','NSP',50000,5000,1,1,1,'https://www.peeringdb.com/policy_url','Restrictive','Required - US',1,'Required',11,0,'https://www.peeringdb.com/route-server');
INSERT INTO "peeringdb_network" (id, status, created, updated, version, asn, name, aka, irr_as_set, website, looking_glass, notes, notes_private, info_traffic, info_ratio, info_scope, info_type, info_prefixes4, info_prefixes6, info_unicast, info_multicast, info_ipv6, policy_url, policy_general, policy_locations, policy_ratio, policy_contracts, org_id, info_never_via_route_servers, route_server) VALUES(7,'ok','2018-12-20 23:12:57.070666','2020-04-04 09:28:30.920593',0,63312,'net 7205f40e','net 09892c47','AS-E38EFDB2@RIPE','https://www.peeringdb.com','https://www.peeringdb.com/looking-glass','Some notes','','20-100Mbps','Heavy Outbound','Regional','NSP',50000,5000,1,1,1,'https://www.peeringdb.com/policy_url','Restrictive','Required - US',1,'Required',7,0,'https://www.peeringdb.com/route-server');
INSERT INTO "peeringdb_network" (id, status, created, updated, version, asn, name, aka, irr_as_set, website, looking_glass, notes, notes_private, info_traffic, info_ratio, info_scope, info_type, info_prefixes4, info_prefixes6, info_unicast, info_multicast, info_ipv6, policy_url, policy_general, policy_locations, policy_ratio, policy_contracts, org_id, info_never_via_route_servers, route_server) VALUES(8,'ok','2018-12-20 23:12:57.178866','2020-04-04 09:28:50.910019',0,63316,'net bc28b812','net 31d226f5','RIPE::AS-E2B07ED7','https://www.peeringdb.com','https://www.peeringdb.com/looking-glass','Some notes','','20-100Mbps','Heavy Outbound','Regional','NSP',50000,5000,1,1,1,'https://www.peeringdb.com/policy_url','Restrictive','Required - US',1,'Required',8,0,'https://www.peeringdb.com/route-server');
INSERT INTO "peeringdb_network" (id, status, created, updated, version, asn, name, aka, irr_as_set, website, looking_glass, notes, notes_private, info_traffic, info_ratio, info_scope, info_type, info_prefixes4, info_prefixes6, info_unicast, info_multicast, info_ipv6, policy_url, policy_general, policy_locations, policy_ratio, policy_contracts, org_id, info_never_via_route_servers, route_server) VALUES(9,'ok','2018-12-20 23:12:57.287096','2020-04-04 09:28:40.466488',0,63320,'net a0a6e42f','net 703edb9c','AS-1A0769B2@RIPE','https://www.peeringdb.com','https://www.peeringdb.com/looking-glass','Some notes','','20-100Mbps','Heavy Outbound','Regional','NSP',50000,5000,1,1,1,'https://www.peeringdb.com/policy_url','Restrictive','Required - US',1,'Required',9,0,'https://www.peeringdb.com/route-server');
INSERT INTO "peeringdb_network_contact" (id, status, created, updated, version, role, visible, name, phone, email, url, net_id) VALUES(1,'ok','2018-12-20 23:12:57.129256','2018-12-20 23:12:57.129285',0,'Policy','Public','poc 59693514','+1 206 555 0199','test@peeringdb.com','https://www.peeringdb.com/url',7);
INSERT INTO "peeringdb_network_contact" (id, status, created, updated, version, role, visible, name, phone, email, url, net_id) VALUES(2,'ok','2018-12-20 23:12:57.235978','2018-12-20 23:12:57.236005',0,'Policy','Public','poc ceb4bbd4','+1 206 555 0199','test@peeringdb.com','https://www.peeringdb.com/url',8);
INSERT INTO "peeringdb_network_contact" (id, status, created, updated, version, role, visible, name, phone, email, url, net_id) VALUES(3,'ok','2018-12-20 23:12:57.342326','2018-12-20 23:12:57.342353',0,'Policy','Public','poc 805376b9','+1 206 555 0199','test@peeringdb.com','https://www.peeringdb.com/url',9);
INSERT INTO "peeringdb_network_contact" (id, status, created, updated, version, role, visible, name, phone, email, url, net_id) VALUES(4,'ok','2018-12-20 23:12:57.450985','2020-01-07 20:52:01.985768',0,'Policy','Public','poc 14cd8efc','+1 206 555 0199','test@peeringdb.com','https://www.peeringdb.com/url',10);
INSERT INTO "peeringdb_network_facility" (id, status, created, updated, version, local_asn, avail_sonet, avail_ethernet, avail_atm, fac_id, net_id) VALUES(1,'ok','2018-12-20 23:12:57.123525','2018-12-20 23:12:57.123555',0,63315,0,0,0,7,7);
INSERT INTO "peeringdb_network_facility" (id, status, created, updated, version, local_asn, avail_sonet, avail_ethernet, avail_atm, fac_id, net_id) VALUES(2,'ok','2018-12-20 23:12:57.231286','2018-12-20 23:12:57.231313',0,63319,0,0,0,8,8);
INSERT INTO "peeringdb_network_facility" (id, status, created, updated, version, local_asn, avail_sonet, avail_ethernet, avail_atm, fac_id, net_id) VALUES(3,'ok','2018-12-20 23:12:57.337566','2018-12-20 23:12:57.337593',0,63323,0,0,0,9,9);
INSERT INTO "peeringdb_network_facility" (id, status, created, updated, version, local_asn, avail_sonet, avail_ethernet, avail_atm, fac_id, net_id) VALUES(4,'ok','2018-12-20 23:12:57.445577','2018-12-20 23:12:57.445604',0,63327,0,0,0,10,10);
INSERT INTO "peeringdb_network_ixlan" (id, status, created, updated, version, asn, ipaddr4, ipaddr6, is_rs_peer, notes, speed, ixlan_id, net_id, operational) VALUES(1,'ok','2018-12-20 23:12:57.118262','2018-12-20 23:12:57.118292',0,63314,'206.223.116.101','2001:504:0:1::65',1,'Some notes',1000,7,7,1);
INSERT INTO "peeringdb_network_ixlan" (id, status, created, updated, version, asn, ipaddr4, ipaddr6, is_rs_peer, notes, speed, ixlan_id, net_id, operational) VALUES(2,'ok','2018-12-20 23:12:57.225678','2018-12-20 23:12:57.225705',0,63318,'206.223.123.101','2001:504:0:3::65',1,'Some notes',1000,8,8,1);
INSERT INTO "peeringdb_network_ixlan" (id, status, created, updated, version, asn, ipaddr4, ipaddr6, is_rs_peer, notes, speed, ixlan_id, net_id, operational) VALUES(3,'ok','2018-12-20 23:12:57.332373','2018-12-20 23:12:57.332400',0,63322,'206.223.118.101','2001:504:0:5::65',1,'Some notes',1000,9,9,1);
INSERT INTO "peeringdb_network_ixlan" (id, status, created, updated, version, asn, ipaddr4, ipaddr6, is_rs_peer, notes, speed, ixlan_id, net_id, operational) VALUES(4,'ok','2018-12-20 23:12:57.441040','2018-12-20 23:12:57.441067',0,63326,'208.115.136.101','2001:504:0:4::65',1,'Some notes',1000,10,10,1);
INSERT INTO "peeringdb_organization" (id, status, created, updated, version, address1, address2, city, state, zipcode, country, latitude, longitude, name, website, notes) VALUES(10,'ok','2018-12-20 23:12:57.347576','2018-12-20 23:12:57.347603',0,'Address line 1','Address line 2','Chicago','Illinois','12345','US',NULL,NULL,'org 8ba01069','https://www.peeringdb.com','Some notes');
INSERT INTO "peeringdb_organization" (id, status, created, updated, version, address1, address2, city, state, zipcode, country, latitude, longitude, name, website, notes) VALUES(11,'ok','2018-12-20 23:12:57.455620','2018-12-20 23:12:57.455646',0,'Address line 1','Address line 2','Chicago','Illinois','12345','US',NULL,NULL,'org d3f044e7','https://www.peeringdb.com','Some notes');
INSERT INTO "peeringdb_organization" (id, status, created, updated, version, address1, address2, city, state, zipcode, country, latitude, longitude, name, website, notes) VALUES(12,'ok','2018-12-20 23:12:57.504043','2018-12-20 23:12:57.504075',0,'Address line 1','Address line 2','Chicago','Illinois','12345','US',NULL,NULL,'org 99532547','https://www.peeringdb.com','Some notes');
INSERT INTO "peeringdb_organization" (id, status, created, updated, version, address1, address2, city, state, zipcode, country, latitude, longitude, name, website, notes) VALUES(13,'ok','2018-12-20 23:12:57.553295','2018-12-20 23:12:57.553324',0,'Address line 1','Address line 2','Chicago','Illinois','12345','US',NULL,NULL,'org 3331abc6','https://www.peeringdb.com','Some notes');
INSERT INTO "peeringdb_organization" (id, status, created, updated, version, address1, address2, city, state, zipcode, country, latitude, longitude, name, website, notes) VALUES(14,'ok','2018-12-20 23:12:57.601136','2018-12-20 23:12:57.601166',0,'Address line 1','Address line 2','Chicago','Illinois','12345','US',NULL,NULL,'org c1ec5f1d','https://www.peeringdb.com','Some notes');
INSERT INTO "peeringdb_organization" (id, status, created, updated, version, address1, address2, city, state, zipcode, country, latitude, longitude, name, website, notes) VALUES(7,'ok','2018-12-20 23:12:56.978136','2018-12-20 23:12:56.978190',0,'Address line 1','Address line 2','Chicago','Illinois','12345','US',NULL,NULL,'org c30409ad','https://www.peeringdb.com','Some notes');
INSERT INTO "peeringdb_organization" (id, status, created, updated, version, address1, address2, city, state, zipcode, country, latitude, longitude, name, website, notes) VALUES(8,'ok','2018-12-20 23:12:57.134758','2018-12-20 23:12:57.134786',0,'Address line 1','Address line 2','Chicago','Illinois','12345','US',NULL,NULL,'org c496f949','https://www.peeringdb.com','Some notes');
INSERT INTO "peeringdb_organization" (id, status, created, updated, version, address1, address2, city, state, zipcode, country, latitude, longitude, name, website, notes) VALUES(9,'ok','2018-12-20 23:12:57.241376','2018-12-20 23:12:57.241403',0,'Address line 1','Address line 2','Chicago','Illinois','12345','US',NULL,NULL,'org 267fea96','https://www.peeringdb.com','Some notes');
DELETE FROM "sqlite_sequence";
INSERT INTO "sqlite_sequence" VALUES('peeringdb_ix',11);
INSERT INTO "sqlite_sequence" VALUES('peeringdb_network',11);
INSERT INTO "sqlite_sequence" VALUES('peeringdb_facility',11);
INSERT INTO "sqlite_sequence" VALUES('peeringdb_network_ixlan',4);
INSERT INTO "sqlite_sequence" VALUES('peeringdb_organization',14);
INSERT INTO "sqlite_sequence" VALUES('peeringdb_ix_facility',10);
INSERT INTO "sqlite_sequence" VALUES('peeringdb_ixlan',10);
INSERT INTO "sqlite_sequence" VALUES('peeringdb_ixlan_prefix',20);
INSERT INTO "sqlite_sequence" VALUES('peeringdb_network_facility',4);
INSERT INTO "sqlite_sequence" VALUES('peeringdb_network_contact',4);
